year,month,anomaly_c
1880,Jan,-0.19
1880,Feb,-0.25
1880,Mar,-0.1
1880,Apr,-0.17
1880,May,-0.1
1880,Jun,-0.22
1880,Jul,-0.19
1880,Aug,-0.11
1880,Sep,-0.15
1880,Oct,-0.24
1880,Nov,-0.23
1880,Dec,-0.19
1881,Jan,-0.2
1881,Feb,-0.16
1881,Mar,0.02
1881,Apr,0.04
1881,May,0.06
1881,Jun,-0.19
1881,Jul,0.01
1881,Aug,-0.04
1881,Sep,-0.16
1881,Oct,-0.22
1881,Nov,-0.19
1881,Dec,-0.07
1882,Jan,0.15
1882,Feb,0.13
1882,Mar,0.04
1882,Apr,-0.16
1882,May,-0.14
1882,Jun,-0.23
1882,Jul,-0.17
1882,Aug,-0.08
1882,Sep,-0.15
1882,Oct,-0.24
1882,Nov,-0.17
1882,Dec,-0.37
1883,Jan,-0.3
1883,Feb,-0.37
1883,Mar,-0.13
1883,Apr,-0.18
1883,May,-0.18
1883,Jun,-0.07
1883,Jul,-0.08
1883,Aug,-0.14
1883,Sep,-0.22
1883,Oct,-0.11
1883,Nov,-0.24
1883,Dec,-0.12
1884,Jan,-0.13
1884,Feb,-0.08
1884,Mar,-0.37
1884,Apr,-0.4
1884,May,-0.34
1884,Jun,-0.35
1884,Jul,-0.31
1884,Aug,-0.28
1884,Sep,-0.27
1884,Oct,-0.25
1884,Nov,-0.34
1884,Dec,-0.31
1885,Jan,-0.59
1885,Feb,-0.34
1885,Mar,-0.27
1885,Apr,-0.42
1885,May,-0.45
1885,Jun,-0.44
1885,Jul,-0.34
1885,Aug,-0.31
1885,Sep,-0.28
1885,Oct,-0.23
1885,Nov,-0.24
1885,Dec,-0.1
1886,Jan,-0.44
1886,Feb,-0.51
1886,Mar,-0.43
1886,Apr,-0.28
1886,May,-0.24
1886,Jun,-0.35
1886,Jul,-0.19
1886,Aug,-0.31
1886,Sep,-0.24
1886,Oct,-0.28
1886,Nov,-0.28
1886,Dec,-0.25
1887,Jan,-0.72
1887,Feb,-0.57
1887,Mar,-0.36
1887,Apr,-0.35
1887,May,-0.31
1887,Jun,-0.25
1887,Jul,-0.26
1887,Aug,-0.36
1887,Sep,-0.26
1887,Oct,-0.35
1887,Nov,-0.26
1887,Dec,-0.33
1888,Jan,-0.34
1888,Feb,-0.37
1888,Mar,-0.42
1888,Apr,-0.21
1888,May,-0.22
1888,Jun,-0.17
1888,Jul,-0.11
1888,Aug,-0.16
1888,Sep,-0.12
1888,Oct,0.01
1888,Nov,0.02
1888,Dec,-0.05
1889,Jan,-0.1
1889,Feb,0.16
1889,Mar,0.06
1889,Apr,0.09
1889,May,-0.01
1889,Jun,-0.1
1889,Jul,-0.08
1889,Aug,-0.21
1889,Sep,-0.24
1889,Oct,-0.26
1889,Nov,-0.34
1889,Dec,-0.3
1890,Jan,-0.42
1890,Feb,-0.45
1890,Mar,-0.41
1890,Apr,-0.3
1890,May,-0.39
1890,Jun,-0.25
1890,Jul,-0.28
1890,Aug,-0.39
1890,Sep,-0.36
1890,Oct,-0.25
1890,Nov,-0.44
1890,Dec,-0.32
1891,Jan,-0.34
1891,Feb,-0.46
1891,Mar,-0.18
1891,Apr,-0.27
1891,May,-0.16
1891,Jun,-0.21
1891,Jul,-0.18
1891,Aug,-0.17
1891,Sep,-0.15
1891,Oct,-0.22
1891,Nov,-0.32
1891,Dec,-0.04
1892,Jan,-0.29
1892,Feb,-0.12
1892,Mar,-0.4
1892,Apr,-0.33
1892,May,-0.23
1892,Jun,-0.22
1892,Jul,-0.31
1892,Aug,-0.27
1892,Sep,-0.17
1892,Oct,-0.14
1892,Nov,-0.42
1892,Dec,-0.39
1893,Jan,-0.81
1893,Feb,-0.57
1893,Mar,-0.22
1893,Apr,-0.28
1893,May,-0.34
1893,Jun,-0.25
1893,Jul,-0.14
1893,Aug,-0.25
1893,Sep,-0.22
1893,Oct,-0.18
1893,Nov,-0.19
1893,Dec,-0.32
1894,Jan,-0.53
1894,Feb,-0.29
1894,Mar,-0.23
1894,Apr,-0.45
1894,May,-0.31
1894,Jun,-0.41
1894,Jul,-0.24
1894,Aug,-0.24
1894,Sep,-0.28
1894,Oct,-0.23
1894,Nov,-0.26
1894,Dec,-0.21
1895,Jan,-0.41
1895,Feb,-0.43
1895,Mar,-0.33
1895,Apr,-0.22
1895,May,-0.27
1895,Jun,-0.21
1895,Jul,-0.17
1895,Aug,-0.17
1895,Sep,-0.12
1895,Oct,-0.1
1895,Nov,-0.17
1895,Dec,-0.15
1896,Jan,-0.23
1896,Feb,-0.13
1896,Mar,-0.26
1896,Apr,-0.31
1896,May,-0.16
1896,Jun,-0.11
1896,Jul,-0.03
1896,Aug,-0.05
1896,Sep,-0.07
1896,Oct,0.06
1896,Nov,-0.05
1896,Dec,-0.05
1897,Jan,-0.15
1897,Feb,-0.17
1897,Mar,-0.14
1897,Apr,-0.03
1897,May,-0.02
1897,Jun,-0.12
1897,Jul,-0.03
1897,Aug,-0.09
1897,Sep,-0.08
1897,Oct,-0.13
1897,Nov,-0.19
1897,Dec,-0.21
1898,Jan,-0.04
1898,Feb,-0.31
1898,Mar,-0.51
1898,Apr,-0.3
1898,May,-0.3
1898,Jun,-0.19
1898,Jul,-0.22
1898,Aug,-0.27
1898,Sep,-0.22
1898,Oct,-0.35
1898,Nov,-0.38
1898,Dec,-0.24
1899,Jan,-0.17
1899,Feb,-0.38
1899,Mar,-0.36
1899,Apr,-0.2
1899,May,-0.23
1899,Jun,-0.31
1899,Jul,-0.15
1899,Aug,-0.08
1899,Sep,-0.04
1899,Oct,-0.04
1899,Nov,0.12
1899,Dec,-0.27
1900,Jan,-0.37
1900,Feb,-0.06
1900,Mar,0.0
1900,Apr,-0.09
1900,May,-0.09
1900,Jun,-0.1
1900,Jul,-0.13
1900,Aug,-0.09
1900,Sep,-0.05
1900,Oct,0.09
1900,Nov,-0.07
1900,Dec,-0.07
1901,Jan,-0.23
1901,Feb,-0.11
1901,Mar,0.06
1901,Apr,-0.03
1901,May,-0.15
1901,Jun,-0.12
1901,Jul,-0.14
1901,Aug,-0.2
1901,Sep,-0.22
1901,Oct,-0.29
1901,Nov,-0.17
1901,Dec,-0.28
1902,Jan,-0.17
1902,Feb,-0.09
1902,Mar,-0.27
1902,Apr,-0.27
1902,May,-0.32
1902,Jun,-0.32
1902,Jul,-0.28
1902,Aug,-0.3
1902,Sep,-0.29
1902,Oct,-0.3
1902,Nov,-0.37
1902,Dec,-0.43
1903,Jan,-0.25
1903,Feb,-0.06
1903,Mar,-0.24
1903,Apr,-0.41
1903,May,-0.4
1903,Jun,-0.43
1903,Jul,-0.35
1903,Aug,-0.45
1903,Sep,-0.49
1903,Oct,-0.46
1903,Nov,-0.42
1903,Dec,-0.51
1904,Jan,-0.64
1904,Feb,-0.59
1904,Mar,-0.51
1904,Apr,-0.51
1904,May,-0.52
1904,Jun,-0.48
1904,Jul,-0.51
1904,Aug,-0.49
1904,Sep,-0.56
1904,Oct,-0.39
1904,Nov,-0.18
1904,Dec,-0.34
1905,Jan,-0.35
1905,Feb,-0.6
1905,Mar,-0.22
1905,Apr,-0.33
1905,May,-0.29
1905,Jun,-0.28
1905,Jul,-0.26
1905,Aug,-0.2
1905,Sep,-0.19
1905,Oct,-0.24
1905,Nov,-0.07
1905,Dec,-0.13
1906,Jan,-0.28
1906,Feb,-0.3
1906,Mar,-0.18
1906,Apr,-0.05
1906,May,-0.26
1906,Jun,-0.2
1906,Jul,-0.23
1906,Aug,-0.2
1906,Sep,-0.28
1906,Oct,-0.2
1906,Nov,-0.38
1906,Dec,-0.15
1907,Jan,-0.43
1907,Feb,-0.51
1907,Mar,-0.27
1907,Apr,-0.37
1907,May,-0.46
1907,Jun,-0.42
1907,Jul,-0.35
1907,Aug,-0.34
1907,Sep,-0.34
1907,Oct,-0.23
1907,Nov,-0.47
1907,Dec,-0.48
1908,Jan,-0.45
1908,Feb,-0.32
1908,Mar,-0.56
1908,Apr,-0.45
1908,May,-0.38
1908,Jun,-0.38
1908,Jul,-0.35
1908,Aug,-0.46
1908,Sep,-0.35
1908,Oct,-0.44
1908,Nov,-0.52
1908,Dec,-0.49
1909,Jan,-0.73
1909,Feb,-0.46
1909,Mar,-0.55
1909,Apr,-0.59
1909,May,-0.55
1909,Jun,-0.52
1909,Jul,-0.45
1909,Aug,-0.34
1909,Sep,-0.39
1909,Oct,-0.4
1909,Nov,-0.32
1909,Dec,-0.56
1910,Jan,-0.43
1910,Feb,-0.42
1910,Mar,-0.51
1910,Apr,-0.43
1910,May,-0.35
1910,Jun,-0.39
1910,Jul,-0.35
1910,Aug,-0.37
1910,Sep,-0.39
1910,Oct,-0.41
1910,Nov,-0.57
1910,Dec,-0.68
1911,Jan,-0.63
1911,Feb,-0.59
1911,Mar,-0.61
1911,Apr,-0.54
1911,May,-0.52
1911,Jun,-0.51
1911,Jul,-0.43
1911,Aug,-0.44
1911,Sep,-0.41
1911,Oct,-0.27
1911,Nov,-0.22
1911,Dec,-0.23
1912,Jan,-0.28
1912,Feb,-0.16
1912,Mar,-0.39
1912,Apr,-0.19
1912,May,-0.22
1912,Jun,-0.25
1912,Jul,-0.43
1912,Aug,-0.55
1912,Sep,-0.58
1912,Oct,-0.58
1912,Nov,-0.4
1912,Dec,-0.44
1913,Jan,-0.41
1913,Feb,-0.46
1913,Mar,-0.43
1913,Apr,-0.4
1913,May,-0.45
1913,Jun,-0.46
1913,Jul,-0.37
1913,Aug,-0.33
1913,Sep,-0.35
1913,Oct,-0.32
1913,Nov,-0.21
1913,Dec,-0.04
1914,Jan,0.03
1914,Feb,-0.11
1914,Mar,-0.25
1914,Apr,-0.3
1914,May,-0.22
1914,Jun,-0.26
1914,Jul,-0.25
1914,Aug,-0.17
1914,Sep,-0.18
1914,Oct,-0.04
1914,Nov,-0.17
1914,Dec,-0.05
1915,Jan,-0.22
1915,Feb,-0.05
1915,Mar,-0.1
1915,Apr,0.06
1915,May,-0.06
1915,Jun,-0.23
1915,Jul,-0.13
1915,Aug,-0.22
1915,Sep,-0.2
1915,Oct,-0.25
1915,Nov,-0.13
1915,Dec,-0.21
1916,Jan,-0.14
1916,Feb,-0.16
1916,Mar,-0.29
1916,Apr,-0.31
1916,May,-0.36
1916,Jun,-0.5
1916,Jul,-0.37
1916,Aug,-0.28
1916,Sep,-0.36
1916,Oct,-0.33
1916,Nov,-0.47
1916,Dec,-0.82
1917,Jan,-0.57
1917,Feb,-0.62
1917,Mar,-0.64
1917,Apr,-0.55
1917,May,-0.56
1917,Jun,-0.44
1917,Jul,-0.25
1917,Aug,-0.23
1917,Sep,-0.23
1917,Oct,-0.44
1917,Nov,-0.35
1917,Dec,-0.68
1918,Jan,-0.48
1918,Feb,-0.36
1918,Mar,-0.27
1918,Apr,-0.45
1918,May,-0.44
1918,Jun,-0.37
1918,Jul,-0.32
1918,Aug,-0.32
1918,Sep,-0.18
1918,Oct,-0.06
1918,Nov,-0.12
1918,Dec,-0.3
1919,Jan,-0.21
1919,Feb,-0.24
1919,Mar,-0.22
1919,Apr,-0.13
1919,May,-0.29
1919,Jun,-0.37
1919,Jul,-0.3
1919,Aug,-0.34
1919,Sep,-0.26
1919,Oct,-0.2
1919,Nov,-0.42
1919,Dec,-0.43
1920,Jan,-0.26
1920,Feb,-0.28
1920,Mar,-0.13
1920,Apr,-0.25
1920,May,-0.27
1920,Jun,-0.36
1920,Jul,-0.31
1920,Aug,-0.27
1920,Sep,-0.22
1920,Oct,-0.27
1920,Nov,-0.28
1920,Dec,-0.47
1921,Jan,-0.05
1921,Feb,-0.18
1921,Mar,-0.23
1921,Apr,-0.3
1921,May,-0.3
1921,Jun,-0.27
1921,Jul,-0.15
1921,Aug,-0.26
1921,Sep,-0.19
1921,Oct,-0.03
1921,Nov,-0.15
1921,Dec,-0.18
1922,Jan,-0.34
1922,Feb,-0.45
1922,Mar,-0.15
1922,Apr,-0.23
1922,May,-0.33
1922,Jun,-0.31
1922,Jul,-0.27
1922,Aug,-0.33
1922,Sep,-0.35
1922,Oct,-0.31
1922,Nov,-0.14
1922,Dec,-0.2
1923,Jan,-0.28
1923,Feb,-0.4
1923,Mar,-0.34
1923,Apr,-0.42
1923,May,-0.34
1923,Jun,-0.29
1923,Jul,-0.31
1923,Aug,-0.34
1923,Sep,-0.31
1923,Oct,-0.13
1923,Nov,-0.03
1923,Dec,-0.04
1924,Jan,-0.23
1924,Feb,-0.23
1924,Mar,-0.09
1924,Apr,-0.3
1924,May,-0.18
1924,Jun,-0.26
1924,Jul,-0.29
1924,Aug,-0.36
1924,Sep,-0.32
1924,Oct,-0.35
1924,Nov,-0.21
1924,Dec,-0.43
1925,Jan,-0.38
1925,Feb,-0.39
1925,Mar,-0.27
1925,Apr,-0.26
1925,May,-0.3
1925,Jun,-0.33
1925,Jul,-0.27
1925,Aug,-0.21
1925,Sep,-0.2
1925,Oct,-0.18
1925,Nov,0.05
1925,Dec,0.06
1926,Jan,0.21
1926,Feb,0.02
1926,Mar,0.11
1926,Apr,-0.13
1926,May,-0.23
1926,Jun,-0.26
1926,Jul,-0.27
1926,Aug,-0.13
1926,Sep,-0.14
1926,Oct,-0.11
1926,Nov,-0.07
1926,Dec,-0.3
1927,Jan,-0.27
1927,Feb,-0.18
1927,Mar,-0.39
1927,Apr,-0.31
1927,May,-0.26
1927,Jun,-0.28
1927,Jul,-0.19
1927,Aug,-0.24
1927,Sep,-0.13
1927,Oct,-0.01
1927,Nov,-0.06
1927,Dec,-0.33
1928,Jan,-0.03
1928,Feb,-0.09
1928,Mar,-0.25
1928,Apr,-0.29
1928,May,-0.3
1928,Jun,-0.39
1928,Jul,-0.19
1928,Aug,-0.22
1928,Sep,-0.21
1928,Oct,-0.19
1928,Nov,-0.1
1928,Dec,-0.16
1929,Jan,-0.45
1929,Feb,-0.58
1929,Mar,-0.33
1929,Apr,-0.41
1929,May,-0.38
1929,Jun,-0.43
1929,Jul,-0.37
1929,Aug,-0.32
1929,Sep,-0.25
1929,Oct,-0.15
1929,Nov,-0.12
1929,Dec,-0.55
1930,Jan,-0.31
1930,Feb,-0.27
1930,Mar,-0.11
1930,Apr,-0.25
1930,May,-0.24
1930,Jun,-0.22
1930,Jul,-0.21
1930,Aug,-0.15
1930,Sep,-0.15
1930,Oct,-0.11
1930,Nov,0.17
1930,Dec,-0.06
1931,Jan,-0.1
1931,Feb,-0.21
1931,Mar,-0.11
1931,Apr,-0.23
1931,May,-0.2
1931,Jun,-0.08
1931,Jul,-0.03
1931,Aug,-0.03
1931,Sep,-0.06
1931,Oct,0.06
1931,Nov,-0.06
1931,Dec,-0.05
1932,Jan,0.15
1932,Feb,-0.17
1932,Mar,-0.18
1932,Apr,-0.06
1932,May,-0.18
1932,Jun,-0.29
1932,Jul,-0.25
1932,Aug,-0.21
1932,Sep,-0.1
1932,Oct,-0.09
1932,Nov,-0.28
1932,Dec,-0.27
1933,Jan,-0.24
1933,Feb,-0.3
1933,Mar,-0.3
1933,Apr,-0.25
1933,May,-0.29
1933,Jun,-0.34
1933,Jul,-0.21
1933,Aug,-0.23
1933,Sep,-0.29
1933,Oct,-0.25
1933,Nov,-0.31
1933,Dec,-0.45
1934,Jan,-0.21
1934,Feb,-0.03
1934,Mar,-0.29
1934,Apr,-0.31
1934,May,-0.1
1934,Jun,-0.15
1934,Jul,-0.1
1934,Aug,-0.12
1934,Sep,-0.15
1934,Oct,-0.06
1934,Nov,0.03
1934,Dec,-0.03
1935,Jan,-0.34
1935,Feb,0.14
1935,Mar,-0.14
1935,Apr,-0.37
1935,May,-0.29
1935,Jun,-0.27
1935,Jul,-0.21
1935,Aug,-0.22
1935,Sep,-0.21
1935,Oct,-0.06
1935,Nov,-0.26
1935,Dec,-0.17
1936,Jan,-0.28
1936,Feb,-0.38
1936,Mar,-0.21
1936,Apr,-0.2
1936,May,-0.16
1936,Jun,-0.22
1936,Jul,-0.1
1936,Aug,-0.13
1936,Sep,-0.09
1936,Oct,-0.03
1936,Nov,0.01
1936,Dec,-0.01
1937,Jan,-0.07
1937,Feb,0.03
1937,Mar,-0.2
1937,Apr,-0.16
1937,May,-0.06
1937,Jun,-0.05
1937,Jul,-0.03
1937,Aug,0.01
1937,Sep,0.09
1937,Oct,0.08
1937,Nov,0.08
1937,Dec,-0.08
1938,Jan,0.08
1938,Feb,0.04
1938,Mar,0.1
1938,Apr,0.06
1938,May,-0.1
1938,Jun,-0.17
1938,Jul,-0.09
1938,Aug,-0.05
1938,Sep,0.01
1938,Oct,0.14
1938,Nov,0.07
1938,Dec,-0.13
1939,Jan,-0.05
1939,Feb,-0.06
1939,Mar,-0.18
1939,Apr,-0.1
1939,May,-0.04
1939,Jun,-0.07
1939,Jul,-0.05
1939,Aug,-0.06
1939,Sep,-0.07
1939,Oct,-0.04
1939,Nov,0.07
1939,Dec,0.42
1940,Jan,-0.01
1940,Feb,0.08
1940,Mar,0.09
1940,Apr,0.17
1940,May,0.1
1940,Jun,0.11
1940,Jul,0.12
1940,Aug,0.06
1940,Sep,0.15
1940,Oct,0.1
1940,Nov,0.16
1940,Dec,0.31
1941,Jan,0.17
1941,Feb,0.3
1941,Mar,0.09
1941,Apr,0.15
1941,May,0.16
1941,Jun,0.13
1941,Jul,0.21
1941,Aug,0.14
1941,Sep,0.02
1941,Oct,0.35
1941,Nov,0.22
1941,Dec,0.21
1942,Jan,0.29
1942,Feb,0.02
1942,Mar,0.05
1942,Apr,0.09
1942,May,0.11
1942,Jun,0.04
1942,Jul,0.0
1942,Aug,-0.04
1942,Sep,-0.03
1942,Oct,0.01
1942,Nov,0.09
1942,Dec,0.12
1943,Jan,-0.01
1943,Feb,0.17
1943,Mar,-0.04
1943,Apr,0.11
1943,May,0.06
1943,Jun,-0.05
1943,Jul,0.08
1943,Aug,0.01
1943,Sep,0.05
1943,Oct,0.23
1943,Nov,0.2
1943,Dec,0.23
1944,Jan,0.35
1944,Feb,0.24
1944,Mar,0.26
1944,Apr,0.19
1944,May,0.18
1944,Jun,0.15
1944,Jul,0.17
1944,Aug,0.18
1944,Sep,0.28
1944,Oct,0.27
1944,Nov,0.11
1944,Dec,0.04
1945,Jan,0.1
1945,Feb,0.01
1945,Mar,0.06
1945,Apr,0.2
1945,May,0.06
1945,Jun,0.01
1945,Jul,0.04
1945,Aug,0.26
1945,Sep,0.2
1945,Oct,0.19
1945,Nov,0.07
1945,Dec,-0.07
1946,Jan,0.15
1946,Feb,0.03
1946,Mar,0.01
1946,Apr,0.06
1946,May,-0.07
1946,Jun,-0.21
1946,Jul,-0.12
1946,Aug,-0.2
1946,Sep,-0.07
1946,Oct,-0.08
1946,Nov,-0.05
1946,Dec,-0.31
1947,Jan,-0.07
1947,Feb,-0.08
1947,Mar,0.07
1947,Apr,0.06
1947,May,-0.01
1947,Jun,-0.02
1947,Jul,-0.04
1947,Aug,-0.07
1947,Sep,-0.12
1947,Oct,0.08
1947,Nov,0.03
1947,Dec,-0.13
1948,Jan,0.06
1948,Feb,-0.15
1948,Mar,-0.24
1948,Apr,-0.12
1948,May,-0.01
1948,Jun,-0.05
1948,Jul,-0.11
1948,Aug,-0.11
1948,Sep,-0.14
1948,Oct,-0.05
1948,Nov,-0.12
1948,Dec,-0.23
1949,Jan,0.07
1949,Feb,-0.14
1949,Mar,-0.02
1949,Apr,-0.11
1949,May,-0.1
1949,Jun,-0.27
1949,Jul,-0.13
1949,Aug,-0.13
1949,Sep,-0.14
1949,Oct,-0.06
1949,Nov,-0.1
1949,Dec,-0.18
1950,Jan,-0.26
1950,Feb,-0.27
1950,Mar,-0.07
1950,Apr,-0.21
1950,May,-0.11
1950,Jun,-0.05
1950,Jul,-0.08
1950,Aug,-0.16
1950,Sep,-0.11
1950,Oct,-0.2
1950,Nov,-0.34
1950,Dec,-0.22
1951,Jan,-0.34
1951,Feb,-0.41
1951,Mar,-0.2
1951,Apr,-0.14
1951,May,0.0
1951,Jun,-0.07
1951,Jul,-0.01
1951,Aug,0.06
1951,Sep,0.05
1951,Oct,0.08
1951,Nov,-0.01
1951,Dec,0.16
1952,Jan,0.11
1952,Feb,0.11
1952,Mar,-0.08
1952,Apr,0.03
1952,May,-0.03
1952,Jun,-0.03
1952,Jul,0.04
1952,Aug,0.05
1952,Sep,0.07
1952,Oct,0.0
1952,Nov,-0.13
1952,Dec,-0.02
1953,Jan,0.07
1953,Feb,0.15
1953,Mar,0.11
1953,Apr,0.19
1953,May,0.11
1953,Jun,0.12
1953,Jul,0.01
1953,Aug,0.05
1953,Sep,0.04
1953,Oct,0.08
1953,Nov,-0.03
1953,Dec,0.05
1954,Jan,-0.25
1954,Feb,-0.1
1954,Mar,-0.15
1954,Apr,-0.14
1954,May,-0.2
1954,Jun,-0.19
1954,Jul,-0.19
1954,Aug,-0.17
1954,Sep,-0.1
1954,Oct,-0.02
1954,Nov,0.08
1954,Dec,-0.18
1955,Jan,0.13
1955,Feb,-0.16
1955,Mar,-0.32
1955,Apr,-0.22
1955,May,-0.2
1955,Jun,-0.13
1955,Jul,-0.11
1955,Aug,0.02
1955,Sep,-0.11
1955,Oct,-0.05
1955,Nov,-0.25
1955,Dec,-0.28
1956,Jan,-0.13
1956,Feb,-0.24
1956,Mar,-0.21
1956,Apr,-0.28
1956,May,-0.29
1956,Jun,-0.15
1956,Jul,-0.09
1956,Aug,-0.26
1956,Sep,-0.19
1956,Oct,-0.23
1956,Nov,-0.15
1956,Dec,-0.07
1957,Jan,-0.09
1957,Feb,-0.03
1957,Mar,-0.05
1957,Apr,0.0
1957,May,0.09
1957,Jun,0.15
1957,Jul,0.02
1957,Aug,0.15
1957,Sep,0.08
1957,Oct,0.01
1957,Nov,0.08
1957,Dec,0.15
1958,Jan,0.39
1958,Feb,0.22
1958,Mar,0.08
1958,Apr,0.01
1958,May,0.06
1958,Jun,-0.09
1958,Jul,0.05
1958,Aug,-0.05
1958,Sep,-0.03
1958,Oct,0.04
1958,Nov,0.02
1958,Dec,0.01
1959,Jan,0.08
1959,Feb,0.07
1959,Mar,0.18
1959,Apr,0.16
1959,May,0.04
1959,Jun,0.03
1959,Jul,0.03
1959,Aug,-0.01
1959,Sep,-0.07
1959,Oct,-0.07
1959,Nov,-0.08
1959,Dec,-0.01
1960,Jan,0.0
1960,Feb,0.13
1960,Mar,-0.35
1960,Apr,-0.15
1960,May,-0.08
1960,Jun,-0.04
1960,Jul,-0.04
1960,Aug,0.02
1960,Sep,0.07
1960,Oct,0.06
1960,Nov,-0.11
1960,Dec,0.19
1961,Jan,0.07
1961,Feb,0.19
1961,Mar,0.09
1961,Apr,0.13
1961,May,0.12
1961,Jun,0.11
1961,Jul,0.01
1961,Aug,0.01
1961,Sep,0.08
1961,Oct,0.0
1961,Nov,0.03
1961,Dec,-0.16
1962,Jan,0.05
1962,Feb,0.15
1962,Mar,0.1
1962,Apr,0.05
1962,May,-0.06
1962,Jun,0.03
1962,Jul,0.02
1962,Aug,-0.01
1962,Sep,0.0
1962,Oct,0.01
1962,Nov,0.06
1962,Dec,-0.03
1963,Jan,-0.03
1963,Feb,0.18
1963,Mar,-0.14
1963,Apr,-0.07
1963,May,-0.06
1963,Jun,0.05
1963,Jul,0.06
1963,Aug,0.22
1963,Sep,0.17
1963,Oct,0.15
1963,Nov,0.15
1963,Dec,-0.03
1964,Jan,-0.09
1964,Feb,-0.1
1964,Mar,-0.21
1964,Apr,-0.32
1964,May,-0.25
1964,Jun,-0.04
1964,Jul,-0.04
1964,Aug,-0.22
1964,Sep,-0.29
1964,Oct,-0.31
1964,Nov,-0.21
1964,Dec,-0.3
1965,Jan,-0.08
1965,Feb,-0.17
1965,Mar,-0.13
1965,Apr,-0.19
1965,May,-0.12
1965,Jun,-0.08
1965,Jul,-0.13
1965,Aug,-0.04
1965,Sep,-0.15
1965,Oct,-0.05
1965,Nov,-0.06
1965,Dec,-0.08
1966,Jan,-0.19
1966,Feb,-0.04
1966,Mar,0.03
1966,Apr,-0.13
1966,May,-0.12
1966,Jun,0.01
1966,Jul,0.08
1966,Aug,-0.08
1966,Sep,-0.03
1966,Oct,-0.17
1966,Nov,-0.01
1966,Dec,-0.02
1967,Jan,-0.07
1967,Feb,-0.21
1967,Mar,0.05
1967,Apr,-0.05
1967,May,0.12
1967,Jun,-0.08
1967,Jul,0.02
1967,Aug,0.01
1967,Sep,-0.06
1967,Oct,0.09
1967,Nov,-0.05
1967,Dec,-0.05
1968,Jan,-0.26
1968,Feb,-0.14
1968,Mar,0.21
1968,Apr,-0.05
1968,May,-0.14
1968,Jun,-0.09
1968,Jul,-0.13
1968,Aug,-0.08
1968,Sep,-0.19
1968,Oct,0.09
1968,Nov,-0.05
1968,Dec,-0.14
1969,Jan,-0.11
1969,Feb,-0.18
1969,Mar,0.01
1969,Apr,0.17
1969,May,0.18
1969,Jun,0.03
1969,Jul,-0.04
1969,Aug,0.04
1969,Sep,0.08
1969,Oct,0.09
1969,Nov,0.12
1969,Dec,0.24
1970,Jan,0.08
1970,Feb,0.22
1970,Mar,0.06
1970,Apr,0.05
1970,May,-0.03
1970,Jun,-0.02
1970,Jul,0.02
1970,Aug,-0.1
1970,Sep,0.13
1970,Oct,0.03
1970,Nov,0.02
1970,Dec,-0.12
1971,Jan,-0.02
1971,Feb,-0.15
1971,Mar,-0.18
1971,Apr,-0.07
1971,May,-0.05
1971,Jun,-0.16
1971,Jul,-0.08
1971,Aug,-0.01
1971,Sep,-0.05
1971,Oct,-0.04
1971,Nov,-0.07
1971,Dec,-0.08
1972,Jan,-0.22
1972,Feb,-0.18
1972,Mar,0.03
1972,Apr,0.0
1972,May,-0.03
1972,Jun,0.04
1972,Jul,0.01
1972,Aug,0.16
1972,Sep,0.02
1972,Oct,0.08
1972,Nov,0.02
1972,Dec,0.18
1973,Jan,0.29
1973,Feb,0.32
1973,Mar,0.29
1973,Apr,0.27
1973,May,0.23
1973,Jun,0.19
1973,Jul,0.13
1973,Aug,0.05
1973,Sep,0.09
1973,Oct,0.1
1973,Nov,0.04
1973,Dec,-0.07
1974,Jan,-0.1
1974,Feb,-0.27
1974,Mar,-0.05
1974,Apr,-0.11
1974,May,-0.04
1974,Jun,-0.05
1974,Jul,-0.03
1974,Aug,0.1
1974,Sep,-0.08
1974,Oct,-0.06
1974,Nov,-0.08
1974,Dec,-0.08
1975,Jan,0.1
1975,Feb,0.08
1975,Mar,0.13
1975,Apr,0.04
1975,May,0.16
1975,Jun,-0.01
1975,Jul,-0.01
1975,Aug,-0.17
1975,Sep,-0.02
1975,Oct,-0.11
1975,Nov,-0.17
1975,Dec,-0.17
1976,Jan,-0.03
1976,Feb,-0.06
1976,Mar,-0.22
1976,Apr,-0.07
1976,May,-0.2
1976,Jun,-0.12
1976,Jul,-0.1
1976,Aug,-0.12
1976,Sep,-0.06
1976,Oct,-0.24
1976,Nov,-0.06
1976,Dec,0.11
1977,Jan,0.19
1977,Feb,0.23
1977,Mar,0.24
1977,Apr,0.26
1977,May,0.33
1977,Jun,0.27
1977,Jul,0.2
1977,Aug,0.18
1977,Sep,0.02
1977,Oct,0.03
1977,Nov,0.16
1977,Dec,0.03
1978,Jan,0.06
1978,Feb,0.1
1978,Mar,0.19
1978,Apr,0.17
1978,May,0.09
1978,Jun,-0.01
1978,Jul,0.04
1978,Aug,-0.14
1978,Sep,0.06
1978,Oct,0.03
1978,Nov,0.14
1978,Dec,0.08
1979,Jan,0.08
1979,Feb,-0.1
1979,Mar,0.19
1979,Apr,0.15
1979,May,0.03
1979,Jun,0.14
1979,Jul,0.04
1979,Aug,0.17
1979,Sep,0.25
1979,Oct,0.26
1979,Nov,0.28
1979,Dec,0.48
1980,Jan,0.29
1980,Feb,0.39
1980,Mar,0.29
1980,Apr,0.3
1980,May,0.35
1980,Jun,0.2
1980,Jul,0.22
1980,Aug,0.18
1980,Sep,0.21
1980,Oct,0.13
1980,Nov,0.3
1980,Dec,0.21
1981,Jan,0.53
1981,Feb,0.42
1981,Mar,0.48
1981,Apr,0.32
1981,May,0.25
1981,Jun,0.29
1981,Jul,0.32
1981,Aug,0.35
1981,Sep,0.15
1981,Oct,0.12
1981,Nov,0.23
1981,Dec,0.41
1982,Jan,0.05
1982,Feb,0.15
1982,Mar,0.03
1982,Apr,0.15
1982,May,0.18
1982,Jun,0.06
1982,Jul,0.14
1982,Aug,0.03
1982,Sep,0.14
1982,Oct,0.13
1982,Nov,0.18
1982,Dec,0.43
1983,Jan,0.53
1983,Feb,0.43
1983,Mar,0.42
1983,Apr,0.28
1983,May,0.34
1983,Jun,0.23
1983,Jul,0.18
1983,Aug,0.36
1983,Sep,0.37
1983,Oct,0.17
1983,Nov,0.3
1983,Dec,0.17
1984,Jan,0.31
1984,Feb,0.14
1984,Mar,0.26
1984,Apr,0.06
1984,May,0.33
1984,Jun,0.02
1984,Jul,0.19
1984,Aug,0.19
1984,Sep,0.21
1984,Oct,0.13
1984,Nov,0.07
1984,Dec,-0.04
1985,Jan,0.22
1985,Feb,-0.04
1985,Mar,0.17
1985,Apr,0.12
1985,May,0.14
1985,Jun,0.15
1985,Jul,0.04
1985,Aug,0.17
1985,Sep,0.13
1985,Oct,0.12
1985,Nov,0.05
1985,Dec,0.14
1986,Jan,0.26
1986,Feb,0.37
1986,Mar,0.3
1986,Apr,0.22
1986,May,0.21
1986,Jun,0.12
1986,Jul,0.11
1986,Aug,0.16
1986,Sep,0.03
1986,Oct,0.15
1986,Nov,0.1
1986,Dec,0.13
1987,Jan,0.32
1987,Feb,0.43
1987,Mar,0.18
1987,Apr,0.24
1987,May,0.26
1987,Jun,0.35
1987,Jul,0.4
1987,Aug,0.25
1987,Sep,0.35
1987,Oct,0.33
1987,Nov,0.29
1987,Dec,0.46
1988,Jan,0.57
1988,Feb,0.44
1988,Mar,0.51
1988,Apr,0.43
1988,May,0.44
1988,Jun,0.4
1988,Jul,0.33
1988,Aug,0.39
1988,Sep,0.37
1988,Oct,0.38
1988,Nov,0.12
1988,Dec,0.29
1989,Jan,0.12
1989,Feb,0.3
1989,Mar,0.36
1989,Apr,0.29
1989,May,0.18
1989,Jun,0.15
1989,Jul,0.35
1989,Aug,0.33
1989,Sep,0.34
1989,Oct,0.29
1989,Nov,0.2
1989,Dec,0.37
1990,Jan,0.41
1990,Feb,0.44
1990,Mar,0.8
1990,Apr,0.56
1990,May,0.45
1990,Jun,0.37
1990,Jul,0.46
1990,Aug,0.34
1990,Sep,0.23
1990,Oct,0.44
1990,Nov,0.46
1990,Dec,0.4
1991,Jan,0.42
1991,Feb,0.5
1991,Mar,0.35
1991,Apr,0.51
1991,May,0.34
1991,Jun,0.53
1991,Jul,0.48
1991,Aug,0.39
1991,Sep,0.44
1991,Oct,0.29
1991,Nov,0.3
1991,Dec,0.32
1992,Jan,0.48
1992,Feb,0.4
1992,Mar,0.48
1992,Apr,0.27
1992,May,0.31
1992,Jun,0.26
1992,Jul,0.09
1992,Aug,0.08
1992,Sep,-0.01
1992,Oct,0.07
1992,Nov,0.03
1992,Dec,0.22
1993,Jan,0.34
1993,Feb,0.37
1993,Mar,0.36
1993,Apr,0.28
1993,May,0.28
1993,Jun,0.23
1993,Jul,0.25
1993,Aug,0.11
1993,Sep,0.11
1993,Oct,0.24
1993,Nov,0.03
1993,Dec,0.18
1994,Jan,0.26
1994,Feb,0.02
1994,Mar,0.29
1994,Apr,0.41
1994,May,0.28
1994,Jun,0.43
1994,Jul,0.3
1994,Aug,0.22
1994,Sep,0.31
1994,Oct,0.43
1994,Nov,0.44
1994,Dec,0.39
1995,Jan,0.52
1995,Feb,0.79
1995,Mar,0.46
1995,Apr,0.47
1995,May,0.27
1995,Jun,0.43
1995,Jul,0.45
1995,Aug,0.45
1995,Sep,0.33
1995,Oct,0.46
1995,Nov,0.45
1995,Dec,0.26
1996,Jan,0.24
1996,Feb,0.46
1996,Mar,0.32
1996,Apr,0.33
1996,May,0.27
1996,Jun,0.25
1996,Jul,0.36
1996,Aug,0.49
1996,Sep,0.26
1996,Oct,0.22
1996,Nov,0.42
1996,Dec,0.37
1997,Jan,0.32
1997,Feb,0.41
1997,Mar,0.52
1997,Apr,0.33
1997,May,0.34
1997,Jun,0.55
1997,Jul,0.34
1997,Aug,0.41
1997,Sep,0.52
1997,Oct,0.61
1997,Nov,0.65
1997,Dec,0.59
1998,Jan,0.58
1998,Feb,0.88
1998,Mar,0.63
1998,Apr,0.63
1998,May,0.68
1998,Jun,0.77
1998,Jul,0.66
1998,Aug,0.65
1998,Sep,0.42
1998,Oct,0.42
1998,Nov,0.43
1998,Dec,0.54
1999,Jan,0.48
1999,Feb,0.64
1999,Mar,0.33
1999,Apr,0.32
1999,May,0.26
1999,Jun,0.36
1999,Jul,0.39
1999,Aug,0.31
1999,Sep,0.39
1999,Oct,0.34
1999,Nov,0.37
1999,Dec,0.4
2000,Jan,0.25
2000,Feb,0.56
2000,Mar,0.55
2000,Apr,0.56
2000,May,0.36
2000,Jun,0.4
2000,Jul,0.39
2000,Aug,0.43
2000,Sep,0.39
2000,Oct,0.27
2000,Nov,0.3
2000,Dec,0.28
2001,Jan,0.45
2001,Feb,0.44
2001,Mar,0.55
2001,Apr,0.5
2001,May,0.57
2001,Jun,0.52
2001,Jul,0.59
2001,Aug,0.48
2001,Sep,0.52
2001,Oct,0.5
2001,Nov,0.72
2001,Dec,0.55
2002,Jan,0.77
2002,Feb,0.78
2002,Mar,0.88
2002,Apr,0.58
2002,May,0.64
2002,Jun,0.53
2002,Jul,0.61
2002,Aug,0.53
2002,Sep,0.64
2002,Oct,0.54
2002,Nov,0.59
2002,Dec,0.44
2003,Jan,0.75
2003,Feb,0.58
2003,Mar,0.6
2003,Apr,0.55
2003,May,0.6
2003,Jun,0.48
2003,Jul,0.58
2003,Aug,0.64
2003,Sep,0.62
2003,Oct,0.72
2003,Nov,0.53
2003,Dec,0.75
2004,Jan,0.58
2004,Feb,0.72
2004,Mar,0.63
2004,Apr,0.61
2004,May,0.37
2004,Jun,0.44
2004,Jul,0.26
2004,Aug,0.45
2004,Sep,0.5
2004,Oct,0.61
2004,Nov,0.73
2004,Dec,0.5
2005,Jan,0.75
2005,Feb,0.6
2005,Mar,0.74
2005,Apr,0.67
2005,May,0.63
2005,Jun,0.65
2005,Jul,0.61
2005,Aug,0.6
2005,Sep,0.72
2005,Oct,0.76
2005,Nov,0.74
2005,Dec,0.68
2006,Jan,0.56
2006,Feb,0.74
2006,Mar,0.63
2006,Apr,0.47
2006,May,0.48
2006,Jun,0.66
2006,Jul,0.54
2006,Aug,0.71
2006,Sep,0.66
2006,Oct,0.71
2006,Nov,0.73
2006,Dec,0.79
2007,Jan,1.01
2007,Feb,0.7
2007,Mar,0.71
2007,Apr,0.77
2007,May,0.69
2007,Jun,0.61
2007,Jul,0.6
2007,Aug,0.6
2007,Sep,0.61
2007,Oct,0.59
2007,Nov,0.59
2007,Dec,0.5
2008,Jan,0.3
2008,Feb,0.38
2008,Mar,0.75
2008,Apr,0.54
2008,May,0.5
2008,Jun,0.49
2008,Jul,0.6
2008,Aug,0.45
2008,Sep,0.61
2008,Oct,0.67
2008,Nov,0.69
2008,Dec,0.54
2009,Jan,0.65
2009,Feb,0.53
2009,Mar,0.53
2009,Apr,0.61
2009,May,0.65
2009,Jun,0.64
2009,Jul,0.74
2009,Aug,0.69
2009,Sep,0.72
2009,Oct,0.65
2009,Nov,0.8
2009,Dec,0.67
2010,Jan,0.75
2010,Feb,0.84
2010,Mar,0.92
2010,Apr,0.85
2010,May,0.75
2010,Jun,0.68
2010,Jul,0.63
2010,Aug,0.67
2010,Sep,0.63
2010,Oct,0.71
2010,Nov,0.82
2010,Dec,0.45
2011,Jan,0.52
2011,Feb,0.48
2011,Mar,0.66
2011,Apr,0.64
2011,May,0.53
2011,Jun,0.63
2011,Jul,0.71
2011,Aug,0.75
2011,Sep,0.56
2011,Oct,0.65
2011,Nov,0.59
2011,Dec,0.6
2012,Jan,0.47
2012,Feb,0.48
2012,Mar,0.57
2012,Apr,0.73
2012,May,0.78
2012,Jun,0.64
2012,Jul,0.59
2012,Aug,0.66
2012,Sep,0.72
2012,Oct,0.8
2012,Nov,0.78
2012,Dec,0.53
2013,Jan,0.71
2013,Feb,0.62
2013,Mar,0.67
2013,Apr,0.53
2013,May,0.6
2013,Jun,0.69
2013,Jul,0.6
2013,Aug,0.71
2013,Sep,0.77
2013,Oct,0.69
2013,Nov,0.83
2013,Dec,0.7
2014,Jan,0.76
2014,Feb,0.55
2014,Mar,0.78
2014,Apr,0.81
2014,May,0.86
2014,Jun,0.67
2014,Jul,0.58
2014,Aug,0.84
2014,Sep,0.88
2014,Oct,0.8
2014,Nov,0.67
2014,Dec,0.79
2015,Jan,0.86
2015,Feb,0.91
2015,Mar,0.96
2015,Apr,0.75
2015,May,0.8
2015,Jun,0.81
2015,Jul,0.73
2015,Aug,0.8
2015,Sep,0.84
2015,Oct,1.08
2015,Nov,1.06
2015,Dec,1.17
2016,Jan,1.18
2016,Feb,1.36
2016,Mar,1.35
2016,Apr,1.09
2016,May,0.96
2016,Jun,0.81
2016,Jul,0.84
2016,Aug,1.02
2016,Sep,0.9
2016,Oct,0.87
2016,Nov,0.91
2016,Dec,0.86
2017,Jan,1.02
2017,Feb,1.13
2017,Mar,1.16
2017,Apr,0.93
2017,May,0.91
2017,Jun,0.71
2017,Jul,0.82
2017,Aug,0.87
2017,Sep,0.74
2017,Oct,0.88
2017,Nov,0.87
2017,Dec,0.93
2018,Jan,0.82
2018,Feb,0.85
2018,Mar,0.88
2018,Apr,0.88
2018,May,0.81
2018,Jun,0.77
2018,Jul,0.83
2018,Aug,0.78
2018,Sep,0.8
2018,Oct,1.02
2018,Nov,0.83
2018,Dec,0.93
2019,Jan,0.93
2019,Feb,0.96
2019,Mar,1.17
2019,Apr,1.0
2019,May,0.86
2019,Jun,0.9
2019,Jul,0.94
2019,Aug,0.95
2019,Sep,0.93
2019,Oct,1.0
2019,Nov,0.99
2019,Dec,1.12
2020,Jan,1.18
2020,Feb,1.24
2020,Mar,1.18
2020,Apr,1.12
2020,May,0.99
2020,Jun,0.91
2020,Jul,0.89
2020,Aug,0.86
2020,Sep,0.96
2020,Oct,0.87
2020,Nov,1.09
2020,Dec,0.8
2021,Jan,0.81
2021,Feb,0.64
2021,Mar,0.89
2021,Apr,0.76
2021,May,0.79
2021,Jun,0.84
2021,Jul,0.92
2021,Aug,0.81
2021,Sep,0.92
2021,Oct,0.98
2021,Nov,0.92
2021,Dec,0.88
2022,Jan,0.91
2022,Feb,0.89
2022,Mar,1.04
2022,Apr,0.83
2022,May,0.84
2022,Jun,0.92
2022,Jul,0.94
2022,Aug,0.94
2022,Sep,0.88
2022,Oct,0.97
2022,Nov,0.73
2022,Dec,0.8
2023,Jan,0.88
2023,Feb,0.97
2023,Mar,1.23
2023,Apr,0.99
2023,May,0.94
2023,Jun,1.08
2023,Jul,1.19
2023,Aug,1.19
2023,Sep,1.48
2023,Oct,1.35
2023,Nov,1.4
2023,Dec,1.35
2024,Jan,1.25
2024,Feb,1.44
2024,Mar,1.39
2024,Apr,1.32
2024,May,1.16
2024,Jun,1.24
2024,Jul,1.2
2024,Aug,1.3
2024,Sep,1.21
2024,Oct,1.35
2024,Nov,1.3
2024,Dec,1.27
2025,Jan,1.38
2025,Feb,1.26
2025,Mar,1.37
2025,Apr,1.24
2025,May,1.08
2025,Jun,1.07
2025,Jul,1.02
2025,Aug,1.18
2025,Sep,1.25
2025,Oct,1.19
2025,Nov,1.21
2025,Dec,1.05
2026,Jan,1.08
2026,Feb,1.24
2026,Mar,1.32
2026,Apr,1.17
2026,May,1.12
