month,eu_food_inflation_pct
2000-12,3.3
2001-01,3.8
2001-02,3.9
2001-03,5.1
2001-04,5.8
2001-05,7.1
2001-06,7.4
2001-07,7.0
2001-08,6.5
2001-09,6.5
2001-10,6.6
2001-11,6.1
2001-12,6.3
2002-01,7.2
2002-02,6.4
2002-03,5.5
2002-04,4.6
2002-05,3.1
2002-06,2.3
2002-07,2.0
2002-08,2.1
2002-09,2.1
2002-10,1.9
2002-11,1.9
2002-12,1.6
2003-01,0.5
2003-02,1.0
2003-03,1.3
2003-04,1.4
2003-05,1.5
2003-06,2.3
2003-07,2.6
2003-08,2.8
2003-09,3.4
2003-10,3.3
2003-11,3.5
2003-12,3.2
2004-01,3.1
2004-02,2.7
2004-03,2.5
2004-04,2.5
2004-05,2.5
2004-06,2.4
2004-07,2.4
2004-08,2.0
2004-09,1.1
2004-10,1.0
2004-11,0.8
2004-12,1.3
2005-01,0.7
2005-02,1.3
2005-03,1.4
2005-04,1.0
2005-05,1.2
2005-06,0.8
2005-07,0.5
2005-08,1.0
2005-09,1.0
2005-10,1.2
2005-11,1.4
2005-12,1.4
2006-01,1.8
2006-02,1.8
2006-03,1.4
2006-04,1.8
2006-05,2.0
2006-06,2.2
2006-07,2.7
2006-08,3.0
2006-09,3.3
2006-10,3.0
2006-11,3.2
2006-12,2.8
2007-01,2.8
2007-02,2.3
2007-03,2.3
2007-04,2.9
2007-05,2.4
2007-06,2.4
2007-07,2.5
2007-08,2.8
2007-09,3.4
2007-10,4.9
2007-11,5.5
2007-12,6.0
2008-01,6.6
2008-02,6.9
2008-03,7.4
2008-04,7.1
2008-05,7.6
2008-06,7.7
2008-07,7.8
2008-08,7.0
2008-09,6.2
2008-10,5.2
2008-11,4.0
2008-12,3.5
2009-01,2.9
2009-02,2.7
2009-03,2.2
2009-04,1.6
2009-05,0.9
2009-06,0.3
2009-07,-0.4
2009-08,-0.7
2009-09,-0.9
2009-10,-1.3
2009-11,-1.0
2009-12,-1.1
2010-01,-1.0
2010-02,-0.9
2010-03,-0.4
2010-04,-0.1
2010-05,-0.2
2010-06,0.3
2010-07,1.1
2010-08,1.5
2010-09,1.8
2010-10,2.1
2010-11,2.3
2010-12,2.6
2011-01,2.4
2011-02,2.9
2011-03,3.1
2011-04,3.1
2011-05,3.9
2011-06,3.5
2011-07,3.0
2011-08,2.8
2011-09,2.7
2011-10,2.9
2011-11,3.0
2011-12,2.8
2012-01,2.8
2012-02,2.9
2012-03,2.7
2012-04,2.4
2012-05,2.0
2012-06,2.8
2012-07,2.7
2012-08,3.1
2012-09,3.3
2012-10,3.5
2012-11,3.3
2012-12,3.5
2013-01,3.6
2013-02,2.9
2013-03,2.7
2013-04,3.0
2013-05,3.5
2013-06,3.4
2013-07,3.5
2013-08,3.0
2013-09,2.2
2013-10,1.5
2013-11,1.1
2013-12,1.4
2014-01,1.3
2014-02,1.0
2014-03,0.5
2014-04,0.1
2014-05,-0.8
2014-06,-1.2
2014-07,-1.1
2014-08,-1.1
2014-09,-0.4
2014-10,-0.1
2014-11,-0.2
2014-12,-0.9
2015-01,-0.9
2015-02,-0.4
2015-03,-0.1
2015-04,0.4
2015-05,0.7
2015-06,0.4
2015-07,0.0
2015-08,0.5
2015-09,0.8
2015-10,1.1
2015-11,1.0
2015-12,0.7
2016-01,0.4
2016-02,0.1
2016-03,0.4
2016-04,0.2
2016-05,0.2
2016-06,0.5
2016-07,1.3
2016-08,1.2
2016-09,0.3
2016-10,0.0
2016-11,0.5
2016-12,1.3
2017-01,2.1
2017-02,3.0
2017-03,2.0
2017-04,1.6
2017-05,1.7
2017-06,1.7
2017-07,1.7
2017-08,1.7
2017-09,2.3
2017-10,3.0
2017-11,2.8
2017-12,2.5
2018-01,2.1
2018-02,1.0
2018-03,1.8
2018-04,2.2
2018-05,2.3
2018-06,2.4
2018-07,2.1
2018-08,2.1
2018-09,2.3
2018-10,1.8
2018-11,1.4
2018-12,1.4
2019-01,1.5
2019-02,2.2
2019-03,1.9
2019-04,1.8
2019-05,2.0
2019-06,2.2
2019-07,2.7
2019-08,2.9
2019-09,2.1
2019-10,2.1
2019-11,2.6
2019-12,2.7
2020-01,2.8
2020-02,2.8
2020-03,3.3
2020-04,4.5
2020-05,4.1
2020-06,3.7
2020-07,2.3
2020-08,1.9
2020-09,1.9
2020-10,2.1
2020-11,1.9
2020-12,1.1
2021-01,1.1
2021-02,0.8
2021-03,0.6
2021-04,0.0
2021-05,0.1
2021-06,0.3
2021-07,1.5
2021-08,2.0
2021-09,2.3
2021-10,2.3
2021-11,2.9
2021-12,4.3
2022-01,4.9
2022-02,5.6
2022-03,6.9
2022-04,8.9
2022-05,10.3
2022-06,11.9
2022-07,13.2
2022-08,14.3
2022-09,15.8
2022-10,17.7
2022-11,18.3
2022-12,18.2
2023-01,18.4
2023-02,19.5
2023-03,19.6
2023-04,16.6
2023-05,15.1
2023-06,13.8
2023-07,12.4
2023-08,10.6
2023-09,9.2
2023-10,7.4
2023-11,6.6
2023-12,5.7
2024-01,4.9
2024-02,2.7
2024-03,1.2
2024-04,1.6
2024-05,1.4
2024-06,1.3
2024-07,1.3
2024-08,1.7
2024-09,2.0
2024-10,2.4
2024-11,2.2
2024-12,2.1
2025-01,2.0
2025-02,2.6
2025-03,3.0
2025-04,2.9
2025-05,3.1
2025-06,3.1
2025-07,3.4
2025-08,3.4
2025-09,3.0
2025-10,2.5
2025-11,2.3
2025-12,2.4
2026-01,2.5
2026-02,2.4
2026-03,2.1
2026-04,2.1
2026-05,1.5
2026-06,0.9
2026-07,0.5
